rsa_model,mean_jsd_rsa_human,mean_jsd_rsa_llm,mean_jsd_llm_human
nonparametric,0.08976768116119023,0.30335819563644556,0.25522877862167026
average,0.08976768116119024,0.30335819563644556,0.25522877862167026
prag,0.09608459435216142,0.30475683127444086,0.25522877862167026
lr,0.0965792807863534,0.30508531864098926,0.25522877862167026
maximin,0.10351722118432004,0.3116116885393698,0.25522877862167026
