rsa_model,mean_jsd_rsa_human,mean_jsd_rsa_llm,mean_jsd_llm_human
maximin,0.06761227330957684,0.35893614968955007,0.2997291836549071
nonparametric,0.0809891903601942,0.34595869694872483,0.2997291836549071
lr,0.1085202300746448,0.402844074593855,0.2997291836549071
prag,0.10922178815002236,0.40319332783061446,0.2997291836549071
base,0.18359757999817367,0.44093164405467744,0.2997291836549071
